{
  "_class": "sharedStyle",
  "do_objectID": "21726DAC-BA0B-4B21-8378-17A025DC1368",
  "name": "Rectangle 2 Copy Style",
  "value": {
    "_class": "style",
    "borders": [
      {
        "_class": "border",
        "color": {
          "_class": "color",
          "alpha": 1,
          "blue": 0.592,
          "green": 0.592,
          "red": 0.592
        },
        "fillType": 0,
        "isEnabled": false,
        "position": 1,
        "thickness": 1
      }
    ],
    "endDecorationType": 0,
    "fills": [
      {
        "_class": "fill",
        "color": {
          "_class": "color",
          "alpha": 1,
          "blue": 0.6313725490196078,
          "green": 0.7019607843137254,
          "red": 0.3137254901960784
        },
        "fillType": 0,
        "isEnabled": true,
        "noiseIndex": 0,
        "noiseIntensity": 0,
        "patternFillType": 1,
        "patternTileScale": 1
      },
      {
        "_class": "fill",
        "color": {
          "_class": "color",
          "alpha": 1,
          "blue": 0.6431372549019608,
          "green": 0.2901960784313725,
          "red": 0.345098039215686
        },
        "fillType": 1,
        "gradient": {
          "_class": "gradient",
          "elipseLength": 1,
          "from": "{0.19731862642580292, -2.817968015716398}",
          "gradientType": 0,
          "stops": [
            {
              "_class": "gradientStop",
              "color": {
                "_class": "color",
                "alpha": 1,
                "blue": 0.6549019607843137,
                "green": 0.3098039215686275,
                "red": 0.3372549019607845
              },
              "position": 0
            },
            {
              "_class": "gradientStop",
              "color": {
                "_class": "color",
                "alpha": 1,
                "blue": 0.7686274509803922,
                "green": 0.4549019607843137,
                "red": 0.2117647058823529
              },
              "position": 1
            }
          ],
          "to": "{0.87063263381903377, 2.4245907374334195}"
        },
        "isEnabled": false,
        "noiseIndex": 0,
        "noiseIntensity": 0,
        "patternFillType": 1,
        "patternTileScale": 1
      }
    ],
    "miterLimit": 10,
    "sharedObjectID": "21726DAC-BA0B-4B21-8378-17A025DC1368",
    "startDecorationType": 0
  }
}